{"stats":{"minecraft:picked_up":{"minecraft:feather":2,"minecraft:chicken":3,"minecraft:mutton":5,"minecraft:white_wool":2},"minecraft:killed":{"minecraft:sheep":13,"minecraft:horse":2,"minecraft:wolf":3,"minecraft:chicken":8},"minecraft:custom":{"minecraft:time_since_rest":8621,"minecraft:sprint_one_cm":10996,"minecraft:play_time":11420,"minecraft:deaths":1,"minecraft:walk_one_cm":10836,"minecraft:sneak_time":418,"minecraft:mob_kills":26,"minecraft:drop":13,"minecraft:jump":117,"minecraft:damage_dealt":540,"minecraft:leave_game":2,"minecraft:walk_on_water_one_cm":182,"minecraft:time_since_death":8591,"minecraft:interact_with_smoker":1,"minecraft:total_world_time":11420,"minecraft:fly_one_cm":478004,"minecraft:open_chest":1},"minecraft:dropped":{"minecraft:feather":2,"minecraft:chicken":3,"minecraft:mutton":5,"minecraft:white_wool":2,"minecraft:flint_and_steel":1},"minecraft:used":{"minecraft:diamond_sword":8,"minecraft:flint_and_steel":7}},"DataVersion":3465}