{"stats":{"minecraft:custom":{"minecraft:time_since_rest":7946,"minecraft:play_time":7946,"minecraft:sprint_one_cm":30639,"minecraft:damage_taken":20,"minecraft:walk_one_cm":18683,"minecraft:sneak_time":28,"minecraft:walk_under_water_one_cm":1054,"minecraft:drop":17,"minecraft:jump":97,"minecraft:time_since_death":7946,"minecraft:walk_on_water_one_cm":3551,"minecraft:total_world_time":7946,"minecraft:swim_one_cm":9483,"minecraft:fall_one_cm":1730,"minecraft:fly_one_cm":166510},"minecraft:dropped":{"minecraft:cobblestone":16,"minecraft:brown_terracotta":1,"minecraft:sugar_cane":18,"minecraft:sandstone":2,"minecraft:sand":100,"minecraft:cactus":2,"minecraft:tnt":1,"minecraft:redstone_block":1,"minecraft:stick":15},"minecraft:picked_up":{"minecraft:stick":15,"minecraft:sandstone":2,"minecraft:cactus":2,"minecraft:sand":103,"minecraft:sugar_cane":18,"minecraft:cobblestone":16},"minecraft:mined":{"minecraft:cactus":1,"minecraft:dead_bush":16,"minecraft:sand":3,"minecraft:sugar_cane":4},"minecraft:used":{"minecraft:brown_terracotta":1,"minecraft:sand":3,"minecraft:tnt":38,"minecraft:redstone_block":4}},"DataVersion":3465}