{"stats":{"minecraft:custom":{"minecraft:time_since_rest":2355,"minecraft:sprint_one_cm":34322,"minecraft:damage_taken":20,"minecraft:walk_one_cm":28284,"minecraft:drop":18,"minecraft:swim_one_cm":9483,"minecraft:fly_one_cm":304122,"minecraft:open_chest":1,"minecraft:play_time":16840,"minecraft:deaths":1,"minecraft:sneak_time":98,"minecraft:walk_under_water_one_cm":1054,"minecraft:jump":138,"minecraft:leave_game":5,"minecraft:walk_on_water_one_cm":4201,"minecraft:time_since_death":2024,"minecraft:total_world_time":16840,"minecraft:fall_one_cm":1730},"minecraft:dropped":{"minecraft:sugar_cane":18,"minecraft:tnt":1,"minecraft:turtle_spawn_egg":1,"minecraft:cobblestone":16,"minecraft:brown_terracotta":1,"minecraft:sandstone":2,"minecraft:sand":100,"minecraft:cactus":2,"minecraft:redstone_block":1,"minecraft:stick":15},"minecraft:picked_up":{"minecraft:stick":15,"minecraft:sandstone":2,"rats:rat_skull":1,"rats:rat_paw":1,"minecraft:sand":103,"rats:rat_pelt":3,"rats:raw_rat":3,"minecraft:cactus":2,"minecraft:sugar_cane":18,"minecraft:cobblestone":16},"minecraft:mined":{"minecraft:cactus":1,"minecraft:dead_bush":16,"minecraft:sand":3,"minecraft:sugar_cane":4},"minecraft:used":{"minecraft:brown_terracotta":1,"rats:pied_piper_spawn_egg":1,"rats:rat_spawn_egg":3,"rats:plague_doctor_spawn_egg":1,"rats:demon_rat_spawn_egg":1,"minecraft:redstone_block":4,"rats:black_death_spawn_egg":1,"rats:rat_king_spawn_egg":1,"minecraft:sand":3,"minecraft:tnt":38,"rats:plague_cloud_spawn_egg":1,"rats:plague_beast_spawn_egg":1}},"DataVersion":3465}