{"stats":{"minecraft:custom":{"minecraft:time_since_rest":10166,"minecraft:sprint_one_cm":37174,"minecraft:damage_taken":20,"minecraft:walk_one_cm":31428,"minecraft:drop":19,"minecraft:damage_dealt":90,"minecraft:swim_one_cm":10278,"minecraft:fly_one_cm":437082,"minecraft:open_chest":4,"minecraft:play_time":24651,"minecraft:deaths":1,"minecraft:sneak_time":133,"minecraft:walk_under_water_one_cm":2203,"minecraft:jump":154,"minecraft:leave_game":7,"minecraft:walk_on_water_one_cm":4613,"minecraft:time_since_death":9835,"minecraft:total_world_time":24651,"minecraft:fall_one_cm":1730},"minecraft:dropped":{"minecraft:sugar_cane":18,"minecraft:pillager_spawn_egg":1,"minecraft:tnt":1,"minecraft:turtle_spawn_egg":1,"minecraft:cobblestone":16,"minecraft:brown_terracotta":1,"minecraft:sandstone":2,"minecraft:sand":100,"minecraft:cactus":2,"minecraft:redstone_block":1,"minecraft:stick":15},"minecraft:picked_up":{"minecraft:stick":15,"minecraft:sandstone":2,"rats:rat_skull":1,"minecraft:sand":103,"rats:rat_paw":1,"rats:rat_pelt":3,"rats:raw_rat":3,"minecraft:cactus":2,"minecraft:sugar_cane":18,"minecraft:cobblestone":16},"minecraft:mined":{"minecraft:cactus":1,"minecraft:dead_bush":16,"minecraft:sand":3,"minecraft:sugar_cane":4},"minecraft:used":{"minecraft:brown_terracotta":1,"rats:pied_piper_spawn_egg":1,"rats:rat_spawn_egg":3,"rats:plague_doctor_spawn_egg":1,"rats:demon_rat_spawn_egg":1,"minecraft:redstone_block":4,"rats:black_death_spawn_egg":1,"rats:rat_king_spawn_egg":1,"minecraft:sand":3,"minecraft:tnt":38,"rats:plague_cloud_spawn_egg":1,"minecraft:goat_horn":3,"rats:plague_beast_spawn_egg":1}},"DataVersion":3465}